title,url
使用ensp搭建路由拓扑，并使用isis协议实现网络互通实操,https://www.cnblogs.com/zjdxr-up/p/17742770.html
10.3 调试事件转存进程内存,https://www.cnblogs.com/LyShark/p/17743137.html
传统的MVC开发模式和前后端分离开发模式,https://www.cnblogs.com/one-xiaoqiang/p/17743078.html
解密Prompt系列16. LLM对齐经验之数据越少越好？LTD & LIMA & AlpaGasus,https://www.cnblogs.com/gogoSandy/p/17743053.html
矩阵的乘法运算与css的3d变换（transform）,https://www.cnblogs.com/ZiLongZiLong/p/17144877.html
软件设计模式系列之二十四——模板方法模式,https://www.cnblogs.com/coodream2009/p/17742018.html
Llama2-Chinese项目：4-量化模型,https://www.cnblogs.com/shengshengwang/p/17742994.html
Q-REG论文阅读,https://www.cnblogs.com/name555difficult/p/17742819.html
关于Async、Await的一些知识点,https://www.cnblogs.com/tianqing/p/17742818.html
Python 列表操作指南3,https://www.cnblogs.com/xiaowange/p/17742785.html
软件设计模式系列之二十三——策略模式,https://www.cnblogs.com/coodream2009/p/17742017.html
基于TRE文章的非线性模型化线性方法,https://www.cnblogs.com/zoubilin/p/17742680.html
ISIS 协议常用基本配置总结,https://www.cnblogs.com/zjdxr-up/p/17742666.html
【ASP.NET Core】在 Mini-API 中注入服务,https://www.cnblogs.com/tcjiaan/p/17742167.html
"7. 用Rust手把手编写一个wmproxy(代理，内网穿透等), HTTP及TCP内网穿透原理及运行篇",https://www.cnblogs.com/luojiawaf/p/17742544.html
 Sentinel系列之SlotChain、NodeSelectorSlot、ClusterBuilderSlot分析,https://www.cnblogs.com/kingsleylam/p/17742511.html
webgl centroid质心插值的一点理解,https://www.cnblogs.com/dojo-lzz/p/17742478.html
QFluentWidgets: 基于 C++ Qt 的 Fluent Design 组件库,https://www.cnblogs.com/zhiyiYo/p/17742194.html
【matplotlib 实战】--平行坐标系,https://www.cnblogs.com/wang_yb/p/17742169.html
AOP（面向切面编程）,https://www.cnblogs.com/one-xiaoqiang/p/17742053.html
